"","A5","B2","IndiceSocio","tenencia","ELECTJ","GASTJ","LEÑATJ",""
"1",-0.533558875838134,0.367498902394551,1.00110014619643,1.27411973844201,1.01337664738741,-0.160244044916724,-0.153786225676182,329
"2",1.56005340997364,-0.046606858658648,-0.413832060283498,-0.40298985829269,-0.426281448390435,0.0530637667881988,0.279954307709137,425
"3",-0.640580590128824,-0.13285049140326,-0.201686363308988,-0.325774906929081,-0.200041131963894,0.0396428250888536,-0.0898619087108011,761
"",1.29108910891089,3.81782178217822,0.55470297029703,0.282434910157682,0.000902259801980198,0.000149811554664406,0.000616051485148515,0
